{"work_style":"remote","salary_currency":"PLN","salary_minimum_monthly":17000.0,"salary_maximum_monthly":22000.0,"title":"Python Developer","company_name":"N\/A","level_of_experience":3,"primary_language":"Python","level_of_experience_in_language":5.0,"level_of_experience_in_platform":0.0,"is_freelance":0,"on_call":0,"system_architecture":0,"aws_experience":0,"gcp_experience":0,"azure_experience":0,"dev_ops":0,"front_end_work":0,"backend_work":1,"full_stack_work":0,"tech_lead":0,"project_leadership":0,"unlimited_time_off":0,"has_benefits":0,"education":"NoCollege","job_id":"9ae354a94b8e1e9415d4ef1994580f226a29301d7454ce735fad9c05f2b4cf8f","salary_minimum_hourly":null,"salary_maximum_hourly":null,"salary_minimum_yearly":null,"salary_maximum_yearly":null}
{"work_style":"remote","salary_currency":"PLN","salary_minimum_monthly":null,"salary_maximum_monthly":null,"title":"Mid\/Senior Python Developer - Freelance Talent Pool","company_name":"10Clouds","level_of_experience":3,"primary_language":"Python","level_of_experience_in_language":2.0,"level_of_experience_in_platform":0.0,"is_freelance":true,"on_call":false,"system_architecture":false,"aws_experience":true,"gcp_experience":false,"azure_experience":false,"dev_ops":false,"front_end_work":false,"backend_work":true,"full_stack_work":false,"tech_lead":false,"project_leadership":false,"unlimited_time_off":false,"has_benefits":true,"education":"NoCollege","job_id":"1ef0ffed65ba72953609dcd96d289d85dc85d2f9032e41def90ad06b84ebb16f","salary_minimum_hourly":100.0,"salary_maximum_hourly":200.0,"salary_minimum_yearly":null,"salary_maximum_yearly":null}
{"work_style":"remote","salary_currency":"USD","salary_minimum_monthly":null,"salary_maximum_monthly":null,"title":"Machine Learning Engineer (Europe)","company_name":"Kalepa","level_of_experience":2,"primary_language":"Python","level_of_experience_in_language":2.0,"level_of_experience_in_platform":0.0,"is_freelance":0,"on_call":0,"system_architecture":0,"aws_experience":1,"gcp_experience":0,"azure_experience":0,"dev_ops":0,"front_end_work":0,"backend_work":0,"full_stack_work":0,"tech_lead":0,"project_leadership":0,"unlimited_time_off":0,"has_benefits":1,"education":"NoCollege","job_id":"6d597c9a82311aae9859544117fda32d1f8ffd45d72b31f6ebe4571cd8033cdf","salary_minimum_hourly":null,"salary_maximum_hourly":null,"salary_minimum_yearly":84000.0,"salary_maximum_yearly":108000.0}
{"work_style":"remote","salary_currency":"PLN","salary_minimum_monthly":0.0,"salary_maximum_monthly":0.0,"title":"Lead Site Reliability Engineer (Data Team)","company_name":"OLX","level_of_experience":5,"primary_language":"Python","level_of_experience_in_language":5.0,"level_of_experience_in_platform":5.0,"is_freelance":0,"on_call":1,"system_architecture":0,"aws_experience":1,"gcp_experience":0,"azure_experience":0,"dev_ops":1,"front_end_work":0,"backend_work":0,"full_stack_work":0,"tech_lead":0,"project_leadership":0,"unlimited_time_off":0,"has_benefits":1,"education":"NoCollege","job_id":"8775baa1e62f5c48f4581c2aeedbe4138e82817ce3cc2d8680b2dbe510bffef3","salary_minimum_hourly":null,"salary_maximum_hourly":null,"salary_minimum_yearly":0.0,"salary_maximum_yearly":0.0}
{"work_style":"remote","salary_currency":"PLN","salary_minimum_monthly":null,"salary_maximum_monthly":null,"title":"Mid Site Reliability Engineer","company_name":"OLX","level_of_experience":3,"primary_language":"Python","level_of_experience_in_language":2.0,"level_of_experience_in_platform":null,"is_freelance":0,"on_call":true,"system_architecture":false,"aws_experience":true,"gcp_experience":false,"azure_experience":false,"dev_ops":true,"front_end_work":false,"backend_work":false,"full_stack_work":false,"tech_lead":false,"project_leadership":false,"unlimited_time_off":false,"has_benefits":true,"education":"NoCollege","job_id":"e23a2e164ee86b40feed1ccdcd84d1de27780235279c721071ffc7d3a6d6c490","salary_minimum_hourly":null,"salary_maximum_hourly":null,"salary_minimum_yearly":null,"salary_maximum_yearly":null}
{"work_style":"remote","salary_currency":"gross\/year","salary_minimum_monthly":null,"salary_maximum_monthly":null,"title":"Senior Software Engineer","company_name":"Text IQ","level_of_experience":4,"primary_language":"Java","level_of_experience_in_language":2.0,"level_of_experience_in_platform":0.0,"is_freelance":0,"on_call":1,"system_architecture":0,"aws_experience":0,"gcp_experience":0,"azure_experience":1,"dev_ops":0,"front_end_work":0,"backend_work":0,"full_stack_work":0,"tech_lead":0,"project_leadership":0,"unlimited_time_off":1,"has_benefits":1,"education":"MS\/BS","job_id":"6c1151865eefd48a0f1c15959d1df20442bccd6925dd197f57d17364fd67a91f","salary_minimum_hourly":null,"salary_maximum_hourly":null,"salary_minimum_yearly":184057.0,"salary_maximum_yearly":249019.0}
{"work_style":"remote","salary_currency":"PLN","salary_minimum_monthly":null,"salary_maximum_monthly":null,"title":"Senior Software Engineer","company_name":"Text IQ","level_of_experience":4,"primary_language":"Java or Python","level_of_experience_in_language":2.0,"level_of_experience_in_platform":0.0,"is_freelance":0,"on_call":1,"system_architecture":0,"aws_experience":0,"gcp_experience":0,"azure_experience":1,"dev_ops":0,"front_end_work":0,"backend_work":0,"full_stack_work":0,"tech_lead":0,"project_leadership":0,"unlimited_time_off":1,"has_benefits":1,"education":"MS\/BS","job_id":"17a255f0040a47b1a51aed9ae58f9ef64b8b949a20d2cd3c015f9417b0f0cdba","salary_minimum_hourly":null,"salary_maximum_hourly":null,"salary_minimum_yearly":184057.0,"salary_maximum_yearly":249019.0}
{"work_style":"remote","salary_currency":"PLN","salary_minimum_monthly":null,"salary_maximum_monthly":null,"title":"Senior Software Engineer","company_name":"Text IQ","level_of_experience":4,"primary_language":"Java","level_of_experience_in_language":2.0,"level_of_experience_in_platform":0.0,"is_freelance":0,"on_call":1,"system_architecture":0,"aws_experience":0,"gcp_experience":0,"azure_experience":1,"dev_ops":0,"front_end_work":0,"backend_work":0,"full_stack_work":0,"tech_lead":0,"project_leadership":0,"unlimited_time_off":1,"has_benefits":1,"education":"MS\/BS","job_id":"52ed1b052c3ab7a8592119810b44a941a4389e713d57cedb3daabd81f908815d","salary_minimum_hourly":null,"salary_maximum_hourly":null,"salary_minimum_yearly":184057.0,"salary_maximum_yearly":249019.0}
{"work_style":"remote","salary_currency":"gross\/year","salary_minimum_monthly":null,"salary_maximum_monthly":null,"title":"Senior Software Engineer","company_name":"Text IQ","level_of_experience":4,"primary_language":"Java","level_of_experience_in_language":2.0,"level_of_experience_in_platform":0.0,"is_freelance":0,"on_call":1,"system_architecture":0,"aws_experience":0,"gcp_experience":0,"azure_experience":1,"dev_ops":0,"front_end_work":0,"backend_work":0,"full_stack_work":0,"tech_lead":0,"project_leadership":0,"unlimited_time_off":1,"has_benefits":1,"education":"MS\/BS","job_id":"3dc41f69108e6566a202832132c3dd7a109a97aaaa2b21d25c90003cf85a1abb","salary_minimum_hourly":null,"salary_maximum_hourly":null,"salary_minimum_yearly":184057.0,"salary_maximum_yearly":249019.0}
{"work_style":"remote","salary_currency":"PLN","salary_minimum_monthly":null,"salary_maximum_monthly":null,"title":"Senior Site Reliability Engineer (Observability Team)","company_name":"OLX","level_of_experience":5,"primary_language":null,"level_of_experience_in_language":null,"level_of_experience_in_platform":null,"is_freelance":0,"on_call":true,"system_architecture":false,"aws_experience":false,"gcp_experience":false,"azure_experience":false,"dev_ops":true,"front_end_work":false,"backend_work":false,"full_stack_work":false,"tech_lead":false,"project_leadership":false,"unlimited_time_off":false,"has_benefits":true,"education":"NoCollege","job_id":"3d540f2b47a311855fb60640f0660e9924c80307705360fc7b481f92a73993f1","salary_minimum_hourly":null,"salary_maximum_hourly":null,"salary_minimum_yearly":null,"salary_maximum_yearly":null}
{"work_style":"remote","salary_currency":"USD","salary_minimum_monthly":null,"salary_maximum_monthly":null,"title":"Senior Software Engineer","company_name":"Text IQ","level_of_experience":4,"primary_language":"Java","level_of_experience_in_language":2.0,"level_of_experience_in_platform":0.0,"is_freelance":0,"on_call":1,"system_architecture":0,"aws_experience":0,"gcp_experience":0,"azure_experience":1,"dev_ops":0,"front_end_work":0,"backend_work":0,"full_stack_work":0,"tech_lead":0,"project_leadership":0,"unlimited_time_off":1,"has_benefits":1,"education":"MS\/BS","job_id":"a5b0fdef0e18f7a820108dfea0bc633961866e01d30d3a92c78c1f28b8a27493","salary_minimum_hourly":null,"salary_maximum_hourly":null,"salary_minimum_yearly":184057.0,"salary_maximum_yearly":249019.0}
{"work_style":"remote","salary_currency":"PLN","salary_minimum_monthly":null,"salary_maximum_monthly":null,"title":"Senior Software Engineer","company_name":"Text IQ","level_of_experience":4,"primary_language":"Java","level_of_experience_in_language":2.0,"level_of_experience_in_platform":4.0,"is_freelance":0,"on_call":1,"system_architecture":0,"aws_experience":0,"gcp_experience":0,"azure_experience":1,"dev_ops":0,"front_end_work":0,"backend_work":0,"full_stack_work":0,"tech_lead":0,"project_leadership":0,"unlimited_time_off":1,"has_benefits":1,"education":"MS\/BS","job_id":"0c33b61e5b9030c6a16c6e1127f83446c550f1b9f778db141c1fe71772516f86","salary_minimum_hourly":null,"salary_maximum_hourly":null,"salary_minimum_yearly":184057.0,"salary_maximum_yearly":249019.0}
{"work_style":"remote","salary_currency":"PLN","salary_minimum_monthly":null,"salary_maximum_monthly":null,"title":"Advanced DevOps Engineer (Search Infrastructure)","company_name":"Relativity","level_of_experience":3,"primary_language":"English","level_of_experience_in_language":2.0,"level_of_experience_in_platform":3.0,"is_freelance":0,"on_call":1,"system_architecture":1,"aws_experience":0,"gcp_experience":0,"azure_experience":1,"dev_ops":1,"front_end_work":0,"backend_work":0,"full_stack_work":0,"tech_lead":0,"project_leadership":0,"unlimited_time_off":1,"has_benefits":1,"education":"MS\/BS","job_id":"41416932f2641e4afbf0380a179ae95dfff899f9146e04bf46befba9bd2b0ecc","salary_minimum_hourly":null,"salary_maximum_hourly":null,"salary_minimum_yearly":163739.0,"salary_maximum_yearly":200125.0}
{"work_style":"remote","salary_currency":"USD","salary_minimum_monthly":null,"salary_maximum_monthly":null,"title":"Senior Machine Learning Engineer (Europe)","company_name":"Kalepa","level_of_experience":5,"primary_language":"Python","level_of_experience_in_language":2.0,"level_of_experience_in_platform":0.0,"is_freelance":0,"on_call":0,"system_architecture":0,"aws_experience":1,"gcp_experience":0,"azure_experience":0,"dev_ops":0,"front_end_work":0,"backend_work":0,"full_stack_work":0,"tech_lead":0,"project_leadership":0,"unlimited_time_off":0,"has_benefits":1,"education":"MS\/BS","job_id":"42097b1ad889c91658a805e951e1fe542b345bdf561f8ae9025d66255f08b182","salary_minimum_hourly":null,"salary_maximum_hourly":null,"salary_minimum_yearly":108000.0,"salary_maximum_yearly":156000.0}
{"work_style":"remote","salary_currency":"PLN","salary_minimum_monthly":null,"salary_maximum_monthly":null,"title":"Senior Software Engineer","company_name":"Text IQ","level_of_experience":4,"primary_language":"Java","level_of_experience_in_language":2.0,"level_of_experience_in_platform":0.0,"is_freelance":0,"on_call":1,"system_architecture":0,"aws_experience":0,"gcp_experience":0,"azure_experience":1,"dev_ops":0,"front_end_work":0,"backend_work":0,"full_stack_work":0,"tech_lead":0,"project_leadership":0,"unlimited_time_off":1,"has_benefits":1,"education":"MS\/BS","job_id":"858969f72208998f4e15d99417e1b55fa5b8d503f01f9953e9a730108ea70eb1","salary_minimum_hourly":null,"salary_maximum_hourly":null,"salary_minimum_yearly":184057.0,"salary_maximum_yearly":249019.0}
{"work_style":"remote","salary_currency":"PLN","salary_minimum_monthly":22000.0,"salary_maximum_monthly":22000.0,"title":"R\/Shiny Developer","company_name":"Appsilon","level_of_experience":2,"primary_language":"R","level_of_experience_in_language":2.0,"level_of_experience_in_platform":0.0,"is_freelance":0,"on_call":0,"system_architecture":0,"aws_experience":0,"gcp_experience":0,"azure_experience":0,"dev_ops":0,"front_end_work":1,"backend_work":0,"full_stack_work":0,"tech_lead":0,"project_leadership":0,"unlimited_time_off":0,"has_benefits":1,"education":"NoCollege","job_id":"9c1bfbf8afdb62853fb1c80338ca425bb393b36025ab52241d0d2a8a3c3f1403","salary_minimum_hourly":null,"salary_maximum_hourly":null,"salary_minimum_yearly":null,"salary_maximum_yearly":null}
{"work_style":"remote","salary_currency":"PLN","salary_minimum_monthly":null,"salary_maximum_monthly":null,"title":"Senior Software Engineer","company_name":"Text IQ","level_of_experience":4,"primary_language":"Java","level_of_experience_in_language":2.0,"level_of_experience_in_platform":0.0,"is_freelance":0,"on_call":1,"system_architecture":0,"aws_experience":0,"gcp_experience":0,"azure_experience":1,"dev_ops":0,"front_end_work":0,"backend_work":0,"full_stack_work":0,"tech_lead":0,"project_leadership":0,"unlimited_time_off":1,"has_benefits":1,"education":"MS\/BS","job_id":"cbd95185b685ab622d1284e9aad4a2273b738cdb0a774ebeb4bc3d44f3b3858b","salary_minimum_hourly":null,"salary_maximum_hourly":null,"salary_minimum_yearly":184057.0,"salary_maximum_yearly":249019.0}
{"work_style":"remote","salary_currency":"PLN","salary_minimum_monthly":23000.0,"salary_maximum_monthly":30000.0,"title":"Senior Site Reliability Engineer","company_name":"Ramp","level_of_experience":4,"primary_language":"English","level_of_experience_in_language":2.0,"level_of_experience_in_platform":4.0,"is_freelance":0,"on_call":0,"system_architecture":1,"aws_experience":0,"gcp_experience":1,"azure_experience":0,"dev_ops":1,"front_end_work":0,"backend_work":0,"full_stack_work":0,"tech_lead":0,"project_leadership":0,"unlimited_time_off":0,"has_benefits":1,"education":"NoCollege","job_id":"160bd84d58c3bf8243952dfa4e534b6c909fcdee4b2e2fed8ae680ce95bdb0a1","salary_minimum_hourly":null,"salary_maximum_hourly":null,"salary_minimum_yearly":null,"salary_maximum_yearly":null}
{"work_style":"remote","salary_currency":"USD","salary_minimum_monthly":null,"salary_maximum_monthly":null,"title":"Tech Lead Manager - Full-Stack","company_name":"Kalepa","level_of_experience":7,"primary_language":"Python","level_of_experience_in_language":2.0,"level_of_experience_in_platform":2.0,"is_freelance":0,"on_call":0,"system_architecture":0,"aws_experience":1,"gcp_experience":0,"azure_experience":0,"dev_ops":0,"front_end_work":1,"backend_work":1,"full_stack_work":1,"tech_lead":1,"project_leadership":1,"unlimited_time_off":0,"has_benefits":1,"education":"MS\/BS","job_id":"ea4586d81cb0ceb9670d1075efe59c3d81499a41402d2d23d1a4e03dfb69e463","salary_minimum_hourly":null,"salary_maximum_hourly":null,"salary_minimum_yearly":144000.0,"salary_maximum_yearly":168000.0}
{"work_style":"remote","salary_currency":"USD","salary_minimum_monthly":null,"salary_maximum_monthly":null,"title":"Tech Lead Manager","company_name":"Kalepa","level_of_experience":2,"primary_language":"Python","level_of_experience_in_language":2.0,"level_of_experience_in_platform":7.0,"is_freelance":0,"on_call":0,"system_architecture":0,"aws_experience":1,"gcp_experience":0,"azure_experience":0,"dev_ops":0,"front_end_work":1,"backend_work":1,"full_stack_work":1,"tech_lead":1,"project_leadership":1,"unlimited_time_off":0,"has_benefits":1,"education":"MS\/BS","job_id":"1387f6360d32126a9c0982d8fab9b2ccd8910193c7c410fdb4adf8ad32e5ca46","salary_minimum_hourly":null,"salary_maximum_hourly":null,"salary_minimum_yearly":144000.0,"salary_maximum_yearly":168000.0}
{"work_style":"remote","salary_currency":"PLN","salary_minimum_monthly":0.0,"salary_maximum_monthly":0.0,"title":"Lead Site Reliability Engineer","company_name":"OLX","level_of_experience":5,"primary_language":"English","level_of_experience_in_language":5.0,"level_of_experience_in_platform":0.0,"is_freelance":0,"on_call":1,"system_architecture":1,"aws_experience":1,"gcp_experience":0,"azure_experience":0,"dev_ops":1,"front_end_work":0,"backend_work":0,"full_stack_work":0,"tech_lead":0,"project_leadership":0,"unlimited_time_off":0,"has_benefits":1,"education":"NoCollege","job_id":"d9ae116842de080f3b95a84b2591fd4c0e9d2cabd00c38beb16c872fbf539135","salary_minimum_hourly":null,"salary_maximum_hourly":null,"salary_minimum_yearly":0.0,"salary_maximum_yearly":0.0}
{"work_style":"remote","salary_currency":"PLN","salary_minimum_monthly":null,"salary_maximum_monthly":null,"title":"Senior Site Reliability Engineer","company_name":"OLX","level_of_experience":5,"primary_language":"Python","level_of_experience_in_language":2.0,"level_of_experience_in_platform":null,"is_freelance":0,"on_call":true,"system_architecture":false,"aws_experience":true,"gcp_experience":false,"azure_experience":false,"dev_ops":true,"front_end_work":false,"backend_work":false,"full_stack_work":false,"tech_lead":false,"project_leadership":false,"unlimited_time_off":false,"has_benefits":true,"education":"NoCollege","job_id":"f18d6ab4b37791d56f0fc619c1eceddb2c25456112d9d9c5106750eece6cc9d5","salary_minimum_hourly":null,"salary_maximum_hourly":null,"salary_minimum_yearly":null,"salary_maximum_yearly":null}
{"work_style":"remote","salary_currency":"USD","salary_minimum_monthly":null,"salary_maximum_monthly":null,"title":"Senior Full Stack Engineer","company_name":"Kalepa","level_of_experience":5,"primary_language":"Python","level_of_experience_in_language":2.0,"level_of_experience_in_platform":0.0,"is_freelance":0,"on_call":0,"system_architecture":0,"aws_experience":1,"gcp_experience":0,"azure_experience":0,"dev_ops":0,"front_end_work":1,"backend_work":1,"full_stack_work":1,"tech_lead":0,"project_leadership":0,"unlimited_time_off":0,"has_benefits":1,"education":"MS\/BS","job_id":"572f159193c75de80ede025ebaf791cccd67c6a05379a5b1edb03f01276f50ef","salary_minimum_hourly":null,"salary_maximum_hourly":null,"salary_minimum_yearly":108000.0,"salary_maximum_yearly":156000.0}
{"work_style":"remote","salary_currency":"PLN","salary_minimum_monthly":5500.0,"salary_maximum_monthly":11000.0,"title":"Quality Assurance Tester","company_name":"Software Company","level_of_experience":2,"primary_language":"English","level_of_experience_in_language":1.0,"level_of_experience_in_platform":0.0,"is_freelance":0,"on_call":0,"system_architecture":0,"aws_experience":0,"gcp_experience":0,"azure_experience":0,"dev_ops":0,"front_end_work":0,"backend_work":0,"full_stack_work":0,"tech_lead":0,"project_leadership":0,"unlimited_time_off":0,"has_benefits":1,"education":"NoCollege","job_id":"7386b4e8808e9b321cf83a0090c911787c4a28beabd024e132d6ccd302ed85c2","salary_minimum_hourly":null,"salary_maximum_hourly":null,"salary_minimum_yearly":null,"salary_maximum_yearly":null}
{"work_style":"remote","salary_currency":"PLN","salary_minimum_monthly":23500.0,"salary_maximum_monthly":33000.0,"title":"Senior DevOps Engineer","company_name":"Appfire","level_of_experience":3,"primary_language":"Java","level_of_experience_in_language":2.0,"level_of_experience_in_platform":3.0,"is_freelance":0,"on_call":0,"system_architecture":1,"aws_experience":1,"gcp_experience":0,"azure_experience":0,"dev_ops":1,"front_end_work":0,"backend_work":0,"full_stack_work":0,"tech_lead":0,"project_leadership":0,"unlimited_time_off":0,"has_benefits":1,"education":"MS\/BS","job_id":"f4ea7f11657d06108db0a5fd6e5fa541adc62be242bd5fdaede068a095d2aa21","salary_minimum_hourly":null,"salary_maximum_hourly":null,"salary_minimum_yearly":null,"salary_maximum_yearly":null}
{"work_style":"remote","salary_currency":"PLN","salary_minimum_monthly":17000.0,"salary_maximum_monthly":20000.0,"title":"Mid Test Automation Engineer III (JavaScript)","company_name":"OpenX","level_of_experience":3,"primary_language":"JavaScript","level_of_experience_in_language":2.0,"level_of_experience_in_platform":3.0,"is_freelance":0,"on_call":0,"system_architecture":0,"aws_experience":0,"gcp_experience":1,"azure_experience":0,"dev_ops":0,"front_end_work":1,"backend_work":0,"full_stack_work":0,"tech_lead":0,"project_leadership":0,"unlimited_time_off":0,"has_benefits":1,"education":"NoCollege","job_id":"b70b6e77c224f79c795abe889c7b891447e7ccfc724608ec654a924c01da4ddb","salary_minimum_hourly":null,"salary_maximum_hourly":null,"salary_minimum_yearly":null,"salary_maximum_yearly":null}
{"work_style":"remote","salary_currency":"PLN","salary_minimum_monthly":24000.0,"salary_maximum_monthly":30000.0,"title":"Senior Salesforce Developer","company_name":"SwingDev","level_of_experience":3,"primary_language":"Salesforce","level_of_experience_in_language":2.0,"level_of_experience_in_platform":4.0,"is_freelance":0,"on_call":0,"system_architecture":0,"aws_experience":0,"gcp_experience":0,"azure_experience":0,"dev_ops":0,"front_end_work":1,"backend_work":1,"full_stack_work":0,"tech_lead":0,"project_leadership":0,"unlimited_time_off":0,"has_benefits":1,"education":"NoCollege","job_id":"b299def7c2df433addae3638ca01873a42df946708ccc4a2f6b736f7ca42c186","salary_minimum_hourly":null,"salary_maximum_hourly":null,"salary_minimum_yearly":null,"salary_maximum_yearly":null}
{"work_style":"remote","salary_currency":"PLN","salary_minimum_monthly":30000.0,"salary_maximum_monthly":35000.0,"title":"Salesforce Manager","company_name":"SwingDev","level_of_experience":6,"primary_language":"Salesforce","level_of_experience_in_language":5.0,"level_of_experience_in_platform":8.0,"is_freelance":0,"on_call":0,"system_architecture":0,"aws_experience":0,"gcp_experience":0,"azure_experience":0,"dev_ops":0,"front_end_work":1,"backend_work":1,"full_stack_work":0,"tech_lead":1,"project_leadership":0,"unlimited_time_off":0,"has_benefits":1,"education":"NoCollege","job_id":"5168356fb806a1437ea3f5fea67e8e0c0b6d9464bb91add42c94f3accdb4e6a4","salary_minimum_hourly":null,"salary_maximum_hourly":null,"salary_minimum_yearly":null,"salary_maximum_yearly":null}
{"work_style":"remote","salary_currency":"PLN","salary_minimum_monthly":null,"salary_maximum_monthly":null,"title":"Senior Software Engineer","company_name":"Text IQ","level_of_experience":4,"primary_language":"Java","level_of_experience_in_language":2.0,"level_of_experience_in_platform":0.0,"is_freelance":0,"on_call":1,"system_architecture":0,"aws_experience":0,"gcp_experience":0,"azure_experience":1,"dev_ops":0,"front_end_work":0,"backend_work":0,"full_stack_work":0,"tech_lead":0,"project_leadership":0,"unlimited_time_off":1,"has_benefits":1,"education":"MS\/BS","job_id":"507d77549de984b832a2d921169169207b5f1f74e2f5f28a755dec59ed6f48a0","salary_minimum_hourly":null,"salary_maximum_hourly":null,"salary_minimum_yearly":184057.0,"salary_maximum_yearly":249019.0}
{"work_style":"remote","salary_currency":"gross\/year","salary_minimum_monthly":null,"salary_maximum_monthly":null,"title":"Senior Software Engineer","company_name":"Relativity","level_of_experience":5,"primary_language":"Java","level_of_experience_in_language":5.0,"level_of_experience_in_platform":2.0,"is_freelance":0,"on_call":0,"system_architecture":0,"aws_experience":0,"gcp_experience":0,"azure_experience":1,"dev_ops":1,"front_end_work":0,"backend_work":1,"full_stack_work":1,"tech_lead":0,"project_leadership":0,"unlimited_time_off":1,"has_benefits":1,"education":"MS\/BS","job_id":"f20e82bdb8963d20490a14ba498bb78abe70638958008df8a8650e0673244983","salary_minimum_hourly":null,"salary_maximum_hourly":null,"salary_minimum_yearly":184057.0,"salary_maximum_yearly":249019.0}
{"work_style":"remote","salary_currency":"gross\/year","salary_minimum_monthly":null,"salary_maximum_monthly":null,"title":"Senior Software Engineer","company_name":"Relativity","level_of_experience":5,"primary_language":"Java","level_of_experience_in_language":5.0,"level_of_experience_in_platform":2.0,"is_freelance":0,"on_call":0,"system_architecture":0,"aws_experience":0,"gcp_experience":0,"azure_experience":1,"dev_ops":1,"front_end_work":0,"backend_work":1,"full_stack_work":1,"tech_lead":0,"project_leadership":0,"unlimited_time_off":1,"has_benefits":1,"education":"MS\/BS","job_id":"4f90ee1aef97dd51f1a6925980cea5d32fb08be4f6138751c51532a58ced6171","salary_minimum_hourly":null,"salary_maximum_hourly":null,"salary_minimum_yearly":184057.0,"salary_maximum_yearly":249019.0}
{"work_style":"remote","salary_currency":"gross\/year","salary_minimum_monthly":null,"salary_maximum_monthly":null,"title":"Senior Software Engineer","company_name":"Relativity","level_of_experience":5,"primary_language":"Java","level_of_experience_in_language":5.0,"level_of_experience_in_platform":2.0,"is_freelance":0,"on_call":0,"system_architecture":0,"aws_experience":0,"gcp_experience":0,"azure_experience":1,"dev_ops":1,"front_end_work":0,"backend_work":1,"full_stack_work":1,"tech_lead":0,"project_leadership":0,"unlimited_time_off":1,"has_benefits":1,"education":"MS\/BS","job_id":"788efff2ef9f4a1303b20843d39ba9eca37d3f6e1cdf9393181394774de85ae9","salary_minimum_hourly":null,"salary_maximum_hourly":null,"salary_minimum_yearly":184057.0,"salary_maximum_yearly":249019.0}
{"work_style":"remote","salary_currency":"PLN","salary_minimum_monthly":null,"salary_maximum_monthly":null,"title":"Senior Software Engineer","company_name":"Relativity","level_of_experience":5,"primary_language":"Java","level_of_experience_in_language":5.0,"level_of_experience_in_platform":2.0,"is_freelance":0,"on_call":0,"system_architecture":0,"aws_experience":0,"gcp_experience":0,"azure_experience":1,"dev_ops":1,"front_end_work":0,"backend_work":1,"full_stack_work":1,"tech_lead":1,"project_leadership":0,"unlimited_time_off":1,"has_benefits":1,"education":"MS\/BS","job_id":"c7f11ffcb17004d335b4b39a9751b45cfd30ae3b6a6a5d283e0420597dcffe83","salary_minimum_hourly":null,"salary_maximum_hourly":null,"salary_minimum_yearly":184057.0,"salary_maximum_yearly":249019.0}
{"work_style":"remote","salary_currency":"PLN","salary_minimum_monthly":null,"salary_maximum_monthly":null,"title":"Site Reliability Engineer (Observability Team)","company_name":"OLX","level_of_experience":3,"primary_language":null,"level_of_experience_in_language":null,"level_of_experience_in_platform":null,"is_freelance":0,"on_call":true,"system_architecture":false,"aws_experience":true,"gcp_experience":false,"azure_experience":false,"dev_ops":true,"front_end_work":false,"backend_work":false,"full_stack_work":false,"tech_lead":false,"project_leadership":false,"unlimited_time_off":false,"has_benefits":true,"education":"NoCollege","job_id":"9b9ac5e3c7dd67a608636a03f826e5497beaa0fc3c11f4a8dee0dc65b339aea1","salary_minimum_hourly":null,"salary_maximum_hourly":null,"salary_minimum_yearly":null,"salary_maximum_yearly":null}
{"work_style":"remote","salary_currency":"PLN","salary_minimum_monthly":null,"salary_maximum_monthly":null,"title":"Senior DevOps (Search Infrastructure)","company_name":"Relativity","level_of_experience":5,"primary_language":"English","level_of_experience_in_language":2.0,"level_of_experience_in_platform":5.0,"is_freelance":0,"on_call":1,"system_architecture":1,"aws_experience":0,"gcp_experience":0,"azure_experience":1,"dev_ops":1,"front_end_work":0,"backend_work":0,"full_stack_work":1,"tech_lead":0,"project_leadership":0,"unlimited_time_off":1,"has_benefits":1,"education":"MS\/BS","job_id":"fcfe0439ca48672bdd7fedb0a950495215a8930b0cd0f61ed6c1708e792247c4","salary_minimum_hourly":null,"salary_maximum_hourly":null,"salary_minimum_yearly":184057.0,"salary_maximum_yearly":249019.0}
{"work_style":"remote","salary_currency":"PLN","salary_minimum_monthly":null,"salary_maximum_monthly":null,"title":"Senior Software Engineer","company_name":"Relativity","level_of_experience":5,"primary_language":"Java","level_of_experience_in_language":5.0,"level_of_experience_in_platform":2.0,"is_freelance":0,"on_call":0,"system_architecture":0,"aws_experience":0,"gcp_experience":0,"azure_experience":1,"dev_ops":1,"front_end_work":0,"backend_work":1,"full_stack_work":1,"tech_lead":0,"project_leadership":0,"unlimited_time_off":1,"has_benefits":1,"education":"MS\/BS","job_id":"91f005f7ca360c52b717f2909ee0f7009b37d1f26257c00c8718ba1330aca829","salary_minimum_hourly":null,"salary_maximum_hourly":null,"salary_minimum_yearly":184057.0,"salary_maximum_yearly":249019.0}
{"work_style":"remote","salary_currency":"PLN","salary_minimum_monthly":null,"salary_maximum_monthly":null,"title":"Senior Software Engineer","company_name":"Text IQ","level_of_experience":4,"primary_language":"Java or Python","level_of_experience_in_language":2.0,"level_of_experience_in_platform":0.0,"is_freelance":0,"on_call":1,"system_architecture":0,"aws_experience":0,"gcp_experience":0,"azure_experience":1,"dev_ops":0,"front_end_work":0,"backend_work":0,"full_stack_work":0,"tech_lead":0,"project_leadership":0,"unlimited_time_off":1,"has_benefits":1,"education":"MS\/BS","job_id":"249561a008868ef382d93f150a8d058a5ab200b5dd37c6a13cb745e185dbb11e","salary_minimum_hourly":null,"salary_maximum_hourly":null,"salary_minimum_yearly":184057.0,"salary_maximum_yearly":249019.0}
{"work_style":"remote","salary_currency":"gross\/year","salary_minimum_monthly":null,"salary_maximum_monthly":null,"title":"Senior Software Engineer","company_name":"Relativity","level_of_experience":5,"primary_language":"Java","level_of_experience_in_language":5.0,"level_of_experience_in_platform":2.0,"is_freelance":0,"on_call":0,"system_architecture":0,"aws_experience":0,"gcp_experience":0,"azure_experience":1,"dev_ops":1,"front_end_work":0,"backend_work":1,"full_stack_work":1,"tech_lead":0,"project_leadership":0,"unlimited_time_off":1,"has_benefits":1,"education":"MS\/BS","job_id":"a515cdb0233ab9c5736b5b40e3750794c872ab061f692d5f8b57374aff6f938d","salary_minimum_hourly":null,"salary_maximum_hourly":null,"salary_minimum_yearly":184057.0,"salary_maximum_yearly":249019.0}
{"work_style":"remote","salary_currency":"PLN","salary_minimum_monthly":null,"salary_maximum_monthly":null,"title":"Senior DevOps (Search Infrastructure)","company_name":"Relativity","level_of_experience":5,"primary_language":"English","level_of_experience_in_language":2.0,"level_of_experience_in_platform":5.0,"is_freelance":0,"on_call":1,"system_architecture":1,"aws_experience":0,"gcp_experience":0,"azure_experience":1,"dev_ops":1,"front_end_work":0,"backend_work":0,"full_stack_work":0,"tech_lead":0,"project_leadership":0,"unlimited_time_off":1,"has_benefits":1,"education":"MS\/BS","job_id":"2dd212fba2d6e9843bb54c1329a668f59d0602b2cbf5cf463e7530c484bb65a5","salary_minimum_hourly":null,"salary_maximum_hourly":null,"salary_minimum_yearly":184057.0,"salary_maximum_yearly":249019.0}
{"work_style":"remote","salary_currency":"USD","salary_minimum_monthly":null,"salary_maximum_monthly":null,"title":"Senior Backend Engineer","company_name":"Kalepa","level_of_experience":5,"primary_language":"Python","level_of_experience_in_language":2.0,"level_of_experience_in_platform":0.0,"is_freelance":0,"on_call":0,"system_architecture":0,"aws_experience":1,"gcp_experience":0,"azure_experience":0,"dev_ops":0,"front_end_work":0,"backend_work":1,"full_stack_work":0,"tech_lead":0,"project_leadership":0,"unlimited_time_off":0,"has_benefits":1,"education":"MS\/BS","job_id":"e89a19d0fb4011dcaf781c6b00ec31af1ad16d2e0984db4517ad8d847564acf9","salary_minimum_hourly":null,"salary_maximum_hourly":null,"salary_minimum_yearly":108000.0,"salary_maximum_yearly":156000.0}
{"work_style":"remote","salary_currency":"PLN","salary_minimum_monthly":25792.0,"salary_maximum_monthly":32233.0,"title":"Staff Software Engineer (Data and Storage Services)","company_name":"Affirm","level_of_experience":7,"primary_language":"Python","level_of_experience_in_language":5.0,"level_of_experience_in_platform":7.0,"is_freelance":0,"on_call":1,"system_architecture":1,"aws_experience":1,"gcp_experience":1,"azure_experience":1,"dev_ops":1,"front_end_work":0,"backend_work":1,"full_stack_work":1,"tech_lead":1,"project_leadership":0,"unlimited_time_off":1,"has_benefits":1,"education":"NoCollege","job_id":"0bebd11b70e2a7b27492a226721e680bd80f8ed4c4a71a17b47aaffe4baa0a68","salary_minimum_hourly":null,"salary_maximum_hourly":null,"salary_minimum_yearly":null,"salary_maximum_yearly":null}
{"work_style":"remote","salary_currency":"PLN","salary_minimum_monthly":18842.0,"salary_maximum_monthly":23550.0,"title":"Software Engineer, Developer Productivity","company_name":"Affirm","level_of_experience":0,"primary_language":"Python","level_of_experience_in_language":1.0,"level_of_experience_in_platform":0.0,"is_freelance":0,"on_call":0,"system_architecture":0,"aws_experience":1,"gcp_experience":0,"azure_experience":0,"dev_ops":1,"front_end_work":0,"backend_work":1,"full_stack_work":0,"tech_lead":0,"project_leadership":0,"unlimited_time_off":0,"has_benefits":1,"education":"MS\/BS","job_id":"09528bcc02c735785f5d0c2712473ceb899132e5adb7dd53f77b32efb2711483","salary_minimum_hourly":null,"salary_maximum_hourly":null,"salary_minimum_yearly":null,"salary_maximum_yearly":null}
{"work_style":"remote","salary_currency":"gross\/year","salary_minimum_monthly":null,"salary_maximum_monthly":null,"title":"Senior Software Engineer","company_name":"Relativity","level_of_experience":5,"primary_language":"Java","level_of_experience_in_language":5.0,"level_of_experience_in_platform":2.0,"is_freelance":0,"on_call":0,"system_architecture":0,"aws_experience":0,"gcp_experience":0,"azure_experience":1,"dev_ops":1,"front_end_work":0,"backend_work":1,"full_stack_work":1,"tech_lead":1,"project_leadership":0,"unlimited_time_off":1,"has_benefits":1,"education":"MS\/BS","job_id":"cc6fb45d2dbc6c6240a78e64fce2f98e019977c33b1ba43f68e4d2b073a6b73e","salary_minimum_hourly":null,"salary_maximum_hourly":null,"salary_minimum_yearly":184057.0,"salary_maximum_yearly":249019.0}
{"work_style":"remote","salary_currency":"PLN","salary_minimum_monthly":null,"salary_maximum_monthly":null,"title":"Senior DevOps (Search Infrastructure)","company_name":"Relativity","level_of_experience":5,"primary_language":"English","level_of_experience_in_language":2.0,"level_of_experience_in_platform":5.0,"is_freelance":0,"on_call":1,"system_architecture":1,"aws_experience":0,"gcp_experience":0,"azure_experience":1,"dev_ops":1,"front_end_work":0,"backend_work":0,"full_stack_work":1,"tech_lead":0,"project_leadership":0,"unlimited_time_off":1,"has_benefits":1,"education":"MS\/BS","job_id":"ab923c7080b7dd0c440a64d5d5bd869adeb0b8a880c1f48adc18ae8ad71c3856","salary_minimum_hourly":null,"salary_maximum_hourly":null,"salary_minimum_yearly":184057.0,"salary_maximum_yearly":249019.0}
{"work_style":"remote","salary_currency":"PLN","salary_minimum_monthly":null,"salary_maximum_monthly":null,"title":"Senior Software Engineer","company_name":"Relativity","level_of_experience":5,"primary_language":"Java","level_of_experience_in_language":2.0,"level_of_experience_in_platform":2.0,"is_freelance":0,"on_call":0,"system_architecture":0,"aws_experience":0,"gcp_experience":0,"azure_experience":1,"dev_ops":1,"front_end_work":0,"backend_work":1,"full_stack_work":1,"tech_lead":0,"project_leadership":0,"unlimited_time_off":1,"has_benefits":1,"education":"MS\/BS","job_id":"0ff0720e9e0580764e69725006435a416304921bf499da823bad1e0ab7450486","salary_minimum_hourly":null,"salary_maximum_hourly":null,"salary_minimum_yearly":184057.0,"salary_maximum_yearly":249019.0}
{"work_style":"remote","salary_currency":"PLN","salary_minimum_monthly":null,"salary_maximum_monthly":null,"title":"Senior DevOps (Search Infrastructure)","company_name":"Relativity","level_of_experience":5,"primary_language":"English","level_of_experience_in_language":2.0,"level_of_experience_in_platform":5.0,"is_freelance":0,"on_call":1,"system_architecture":1,"aws_experience":0,"gcp_experience":0,"azure_experience":1,"dev_ops":1,"front_end_work":0,"backend_work":0,"full_stack_work":1,"tech_lead":0,"project_leadership":0,"unlimited_time_off":1,"has_benefits":1,"education":"MS\/BS","job_id":"6462c45c3aef01659943ba0193196eabd009000c2a0445ef0b22df4b7b0edb23","salary_minimum_hourly":null,"salary_maximum_hourly":null,"salary_minimum_yearly":184057.0,"salary_maximum_yearly":249019.0}
{"work_style":"remote","salary_currency":"PLN","salary_minimum_monthly":null,"salary_maximum_monthly":null,"title":"Backend Node.js Developer (Freelancer)","company_name":"Monterail","level_of_experience":2,"primary_language":"Node.js","level_of_experience_in_language":2.0,"level_of_experience_in_platform":0.0,"is_freelance":true,"on_call":false,"system_architecture":false,"aws_experience":false,"gcp_experience":false,"azure_experience":false,"dev_ops":false,"front_end_work":false,"backend_work":true,"full_stack_work":false,"tech_lead":false,"project_leadership":false,"unlimited_time_off":false,"has_benefits":true,"education":"NoCollege","job_id":"f0c11ed87f62fad356b1dae640b467d6dbcdb0141f16a56702b634f08ac9dfa9","salary_minimum_hourly":8000.0,"salary_maximum_hourly":15000.0,"salary_minimum_yearly":null,"salary_maximum_yearly":null}
{"work_style":"remote","salary_currency":"PLN","salary_minimum_monthly":null,"salary_maximum_monthly":null,"title":"Sr. Full Stack Engineer- Monitoring Squad","company_name":"Craft","level_of_experience":3,"primary_language":"JavaScript\/TypeScript","level_of_experience_in_language":2.0,"level_of_experience_in_platform":null,"is_freelance":0,"on_call":0,"system_architecture":0,"aws_experience":1,"gcp_experience":0,"azure_experience":0,"dev_ops":0,"front_end_work":1,"backend_work":1,"full_stack_work":1,"tech_lead":0,"project_leadership":0,"unlimited_time_off":false,"has_benefits":true,"education":"NoCollege","job_id":"62adffd08409a26423a3c815d7330a468dc314efd0f95bc8a24c7fca81bd240a","salary_minimum_hourly":null,"salary_maximum_hourly":null,"salary_minimum_yearly":315000.0,"salary_maximum_yearly":null}
{"work_style":"remote","salary_currency":"USD","salary_minimum_monthly":2000.0,"salary_maximum_monthly":4000.0,"title":"Frontend Developer (React) - Mid \/ Senior","company_name":"Data processing applications","level_of_experience":3,"primary_language":"React","level_of_experience_in_language":2.0,"level_of_experience_in_platform":0.0,"is_freelance":0,"on_call":0,"system_architecture":0,"aws_experience":0,"gcp_experience":0,"azure_experience":0,"dev_ops":0,"front_end_work":1,"backend_work":0,"full_stack_work":0,"tech_lead":0,"project_leadership":0,"unlimited_time_off":0,"has_benefits":1,"education":"NoCollege","job_id":"7b2be721b55731259c4b00f35e43afd0a7de978b19ca1571a8f30bf1a414e6f0","salary_minimum_hourly":null,"salary_maximum_hourly":null,"salary_minimum_yearly":24000.0,"salary_maximum_yearly":48000.0}
{"work_style":"remote","salary_currency":"PLN","salary_minimum_monthly":21250.0,"salary_maximum_monthly":25000.0,"title":"Senior JavaScript Engineer (IV)","company_name":"OpenX","level_of_experience":5,"primary_language":"JavaScript\/Typescript","level_of_experience_in_language":5.0,"level_of_experience_in_platform":0.0,"is_freelance":0,"on_call":0,"system_architecture":0,"aws_experience":0,"gcp_experience":1,"azure_experience":0,"dev_ops":0,"front_end_work":1,"backend_work":0,"full_stack_work":0,"tech_lead":0,"project_leadership":0,"unlimited_time_off":0,"has_benefits":1,"education":"NoCollege","job_id":"6a952feec313f29da30c347e4c689272c207af4c3ef266c4045090b24fdd0ff2","salary_minimum_hourly":null,"salary_maximum_hourly":null,"salary_minimum_yearly":null,"salary_maximum_yearly":null}
{"work_style":"remote","salary_currency":"PLN","salary_minimum_monthly":17000.0,"salary_maximum_monthly":24500.0,"title":"Backend Node.js Engineer","company_name":"Appfire","level_of_experience":2,"primary_language":"Node.js","level_of_experience_in_language":2.0,"level_of_experience_in_platform":0.0,"is_freelance":0,"on_call":0,"system_architecture":0,"aws_experience":0,"gcp_experience":0,"azure_experience":1,"dev_ops":0,"front_end_work":0,"backend_work":1,"full_stack_work":0,"tech_lead":0,"project_leadership":0,"unlimited_time_off":0,"has_benefits":1,"education":"NoCollege","job_id":"5679528f60947b99e291c375885d55d45c9efdb3e3cb6df35b83ca7c186c9382","salary_minimum_hourly":null,"salary_maximum_hourly":null,"salary_minimum_yearly":null,"salary_maximum_yearly":null}
{"work_style":"remote","salary_currency":"PLN","salary_minimum_monthly":5000.0,"salary_maximum_monthly":7000.0,"title":"Junior Frontend Developer (React.js)","company_name":"High-end American IT market referrals","level_of_experience":1,"primary_language":"React.js","level_of_experience_in_language":1.0,"level_of_experience_in_platform":1.0,"is_freelance":0,"on_call":0,"system_architecture":0,"aws_experience":0,"gcp_experience":0,"azure_experience":0,"dev_ops":0,"front_end_work":1,"backend_work":0,"full_stack_work":0,"tech_lead":0,"project_leadership":0,"unlimited_time_off":0,"has_benefits":1,"education":"NoCollege","job_id":"71d759c744b995dbbfb617c33360f20d7937d52a441c6a668811052a146a28e1","salary_minimum_hourly":null,"salary_maximum_hourly":null,"salary_minimum_yearly":null,"salary_maximum_yearly":null}
{"work_style":"remote","salary_currency":"USD","salary_minimum_monthly":4000.0,"salary_maximum_monthly":6500.0,"title":"React Native Developer","company_name":"Data processing applications","level_of_experience":3,"primary_language":"React Native","level_of_experience_in_language":2.0,"level_of_experience_in_platform":0.0,"is_freelance":0,"on_call":0,"system_architecture":0,"aws_experience":0,"gcp_experience":0,"azure_experience":0,"dev_ops":0,"front_end_work":1,"backend_work":0,"full_stack_work":0,"tech_lead":0,"project_leadership":0,"unlimited_time_off":0,"has_benefits":1,"education":"NoCollege","job_id":"a44751404393e54d9135c44f16c3fee67fb5b0a5f6c34101bd2b227bcff429b2","salary_minimum_hourly":null,"salary_maximum_hourly":null,"salary_minimum_yearly":null,"salary_maximum_yearly":null}
{"work_style":"remote","salary_currency":"PLN","salary_minimum_monthly":17000.0,"salary_maximum_monthly":24500.0,"title":"Senior Backend Java Developer","company_name":"Appfire","level_of_experience":3,"primary_language":"Java","level_of_experience_in_language":2.0,"level_of_experience_in_platform":0.0,"is_freelance":0,"on_call":0,"system_architecture":0,"aws_experience":0,"gcp_experience":0,"azure_experience":0,"dev_ops":0,"front_end_work":0,"backend_work":1,"full_stack_work":0,"tech_lead":0,"project_leadership":0,"unlimited_time_off":0,"has_benefits":1,"education":"NoCollege","job_id":"90cf4495daeeb0179c6f5f44defc57003598333a341e6e6f7178dffd8be0fb40","salary_minimum_hourly":null,"salary_maximum_hourly":null,"salary_minimum_yearly":null,"salary_maximum_yearly":null}
{"work_style":"hybrid","salary_currency":"PLN","salary_minimum_monthly":null,"salary_maximum_monthly":null,"title":"Advanced Software Engineer","company_name":"Relativity","level_of_experience":3,"primary_language":"C#","level_of_experience_in_language":2.0,"level_of_experience_in_platform":3.0,"is_freelance":0,"on_call":0,"system_architecture":0,"aws_experience":0,"gcp_experience":0,"azure_experience":1,"dev_ops":0,"front_end_work":1,"backend_work":1,"full_stack_work":0,"tech_lead":0,"project_leadership":0,"unlimited_time_off":1,"has_benefits":1,"education":"NoCollege","job_id":"080ce82c15e5b94a28259da21f193003a08ffd14f71d691322c3596996ca018f","salary_minimum_hourly":null,"salary_maximum_hourly":null,"salary_minimum_yearly":163738.0,"salary_maximum_yearly":200125.0}
{"work_style":"remote","salary_currency":"PLN","salary_minimum_monthly":null,"salary_maximum_monthly":null,"title":".NET Software Engineer","company_name":"Relativity","level_of_experience":2,"primary_language":"C#","level_of_experience_in_language":2.0,"level_of_experience_in_platform":0.0,"is_freelance":0,"on_call":1,"system_architecture":0,"aws_experience":0,"gcp_experience":0,"azure_experience":0,"dev_ops":0,"front_end_work":0,"backend_work":1,"full_stack_work":0,"tech_lead":0,"project_leadership":0,"unlimited_time_off":1,"has_benefits":1,"education":"NoCollege","job_id":"e266b46893e7a4203f01222f88cb8aa12efe9f693b604358c419ff3a32a5488d","salary_minimum_hourly":null,"salary_maximum_hourly":null,"salary_minimum_yearly":141588.0,"salary_maximum_yearly":173052.0}
{"work_style":"remote","salary_currency":"PLN","salary_minimum_monthly":null,"salary_maximum_monthly":null,"title":".NET Software Engineer","company_name":"Software","level_of_experience":2,"primary_language":"C#","level_of_experience_in_language":1.0,"level_of_experience_in_platform":0.0,"is_freelance":0,"on_call":0,"system_architecture":0,"aws_experience":0,"gcp_experience":0,"azure_experience":0,"dev_ops":0,"front_end_work":0,"backend_work":1,"full_stack_work":0,"tech_lead":0,"project_leadership":0,"unlimited_time_off":1,"has_benefits":1,"education":"NoCollege","job_id":"720369c68bfff8def99452e14c874a46f024449441e462d1e4729cacc4161ef5","salary_minimum_hourly":null,"salary_maximum_hourly":null,"salary_minimum_yearly":141588.0,"salary_maximum_yearly":173052.0}
{"work_style":"remote","salary_currency":"PLN","salary_minimum_monthly":null,"salary_maximum_monthly":null,"title":".NET Software Engineer","company_name":"Relativity","level_of_experience":2,"primary_language":"C#","level_of_experience_in_language":1.0,"level_of_experience_in_platform":0.0,"is_freelance":0,"on_call":0,"system_architecture":0,"aws_experience":0,"gcp_experience":0,"azure_experience":0,"dev_ops":0,"front_end_work":0,"backend_work":1,"full_stack_work":0,"tech_lead":0,"project_leadership":0,"unlimited_time_off":1,"has_benefits":1,"education":"NoCollege","job_id":"2f01dd58db6764dd43360ff5ec10543674cde2c8fcf792da4504de7bf84258ab","salary_minimum_hourly":null,"salary_maximum_hourly":null,"salary_minimum_yearly":141588.0,"salary_maximum_yearly":173052.0}
{"work_style":"remote","salary_currency":"PLN","salary_minimum_monthly":null,"salary_maximum_monthly":null,"title":".NET Software Engineer","company_name":"Software company specializing in eDiscovery solutions","level_of_experience":2,"primary_language":"C#","level_of_experience_in_language":2.0,"level_of_experience_in_platform":0.0,"is_freelance":0,"on_call":1,"system_architecture":0,"aws_experience":0,"gcp_experience":0,"azure_experience":0,"dev_ops":0,"front_end_work":0,"backend_work":1,"full_stack_work":0,"tech_lead":0,"project_leadership":0,"unlimited_time_off":1,"has_benefits":1,"education":"NoCollege","job_id":"a6f8e9aaecd34109160b363db4491af3c8491e27fb89e81a74f4ec08fc0bf975","salary_minimum_hourly":null,"salary_maximum_hourly":null,"salary_minimum_yearly":141588.0,"salary_maximum_yearly":173052.0}
{"work_style":"remote","salary_currency":"PLN","salary_minimum_monthly":null,"salary_maximum_monthly":null,"title":".NET Software Engineer","company_name":"Relativity","level_of_experience":2,"primary_language":"C#","level_of_experience_in_language":2.0,"level_of_experience_in_platform":0.0,"is_freelance":0,"on_call":0,"system_architecture":0,"aws_experience":0,"gcp_experience":0,"azure_experience":0,"dev_ops":0,"front_end_work":0,"backend_work":1,"full_stack_work":0,"tech_lead":0,"project_leadership":0,"unlimited_time_off":1,"has_benefits":1,"education":"NoCollege","job_id":"ee1681f29a47af32dd4c2b758c957e4a6698f204f5a7e2ce218b521c72fafcf5","salary_minimum_hourly":null,"salary_maximum_hourly":null,"salary_minimum_yearly":141588.0,"salary_maximum_yearly":173052.0}
{"work_style":"remote","salary_currency":"PLN","salary_minimum_monthly":null,"salary_maximum_monthly":null,"title":".NET Software Engineer","company_name":"Relativity","level_of_experience":2,"primary_language":"C#","level_of_experience_in_language":1.0,"level_of_experience_in_platform":0.0,"is_freelance":0,"on_call":1,"system_architecture":0,"aws_experience":0,"gcp_experience":0,"azure_experience":0,"dev_ops":0,"front_end_work":0,"backend_work":1,"full_stack_work":0,"tech_lead":0,"project_leadership":0,"unlimited_time_off":1,"has_benefits":1,"education":"NoCollege","job_id":"5d9a62ce368d7ca16887c72cf24c2a6a4de5aca280daaeb99082f456ca7c5313","salary_minimum_hourly":null,"salary_maximum_hourly":null,"salary_minimum_yearly":141588.0,"salary_maximum_yearly":173052.0}
{"work_style":"remote","salary_currency":"PLN","salary_minimum_monthly":null,"salary_maximum_monthly":null,"title":".NET Software Engineer","company_name":"Relativity","level_of_experience":2,"primary_language":"C#","level_of_experience_in_language":2.0,"level_of_experience_in_platform":0.0,"is_freelance":0,"on_call":1,"system_architecture":0,"aws_experience":0,"gcp_experience":0,"azure_experience":0,"dev_ops":0,"front_end_work":0,"backend_work":1,"full_stack_work":0,"tech_lead":0,"project_leadership":0,"unlimited_time_off":1,"has_benefits":1,"education":"NoCollege","job_id":"ad20517034afccfbd083dce13452f1129706dd9ecc7efe8b7e3790ad7817666f","salary_minimum_hourly":null,"salary_maximum_hourly":null,"salary_minimum_yearly":141588.0,"salary_maximum_yearly":173052.0}
{"work_style":"remote","salary_currency":"PLN","salary_minimum_monthly":null,"salary_maximum_monthly":null,"title":".NET Software Engineer","company_name":"Relativity","level_of_experience":2,"primary_language":"C#","level_of_experience_in_language":1.0,"level_of_experience_in_platform":0.0,"is_freelance":0,"on_call":1,"system_architecture":0,"aws_experience":0,"gcp_experience":0,"azure_experience":0,"dev_ops":0,"front_end_work":0,"backend_work":1,"full_stack_work":0,"tech_lead":0,"project_leadership":0,"unlimited_time_off":1,"has_benefits":1,"education":"NoCollege","job_id":"2704ea40dcd51d6207817f6cdcfa40f3980038b2751260e6502c6a82cd039e1d","salary_minimum_hourly":null,"salary_maximum_hourly":null,"salary_minimum_yearly":141588.0,"salary_maximum_yearly":173052.0}
{"work_style":"remote","salary_currency":"PLN","salary_minimum_monthly":null,"salary_maximum_monthly":null,"title":"Senior .NET Software Engineer","company_name":"Legal technology company focused on eDiscovery practices","level_of_experience":5,"primary_language":".NET","level_of_experience_in_language":5.0,"level_of_experience_in_platform":5.0,"is_freelance":0,"on_call":0,"system_architecture":0,"aws_experience":0,"gcp_experience":0,"azure_experience":1,"dev_ops":0,"front_end_work":0,"backend_work":1,"full_stack_work":1,"tech_lead":0,"project_leadership":0,"unlimited_time_off":1,"has_benefits":1,"education":"NoCollege","job_id":"007e7816310206516dad6c8a6b06dd8b290b021a6bfee0c932e557894eb27bbc","salary_minimum_hourly":null,"salary_maximum_hourly":null,"salary_minimum_yearly":184000.0,"salary_maximum_yearly":249000.0}
{"work_style":"remote","salary_currency":"PLN","salary_minimum_monthly":null,"salary_maximum_monthly":null,"title":"Senior .NET Software Engineer","company_name":"Relativity","level_of_experience":5,"primary_language":".NET","level_of_experience_in_language":5.0,"level_of_experience_in_platform":5.0,"is_freelance":0,"on_call":0,"system_architecture":0,"aws_experience":0,"gcp_experience":0,"azure_experience":1,"dev_ops":0,"front_end_work":0,"backend_work":1,"full_stack_work":1,"tech_lead":0,"project_leadership":0,"unlimited_time_off":1,"has_benefits":1,"education":"NoCollege","job_id":"fde6af5ee52dc20140305f0e1828c4c0efe2140d5753c82caef85196aacc9f5e","salary_minimum_hourly":null,"salary_maximum_hourly":null,"salary_minimum_yearly":184000.0,"salary_maximum_yearly":249000.0}
{"work_style":"remote","salary_currency":"PLN","salary_minimum_monthly":null,"salary_maximum_monthly":null,"title":"Senior .NET Software Engineer","company_name":"Relativity","level_of_experience":5,"primary_language":".NET","level_of_experience_in_language":5.0,"level_of_experience_in_platform":5.0,"is_freelance":0,"on_call":0,"system_architecture":0,"aws_experience":0,"gcp_experience":0,"azure_experience":1,"dev_ops":0,"front_end_work":0,"backend_work":1,"full_stack_work":1,"tech_lead":0,"project_leadership":0,"unlimited_time_off":1,"has_benefits":1,"education":"NoCollege","job_id":"9ae334e31bc8c345f2af02bd0e21af21963a7ed8a57c778c0ac13878f1be0467","salary_minimum_hourly":null,"salary_maximum_hourly":null,"salary_minimum_yearly":184000.0,"salary_maximum_yearly":249000.0}
{"work_style":"remote","salary_currency":"PLN","salary_minimum_monthly":null,"salary_maximum_monthly":null,"title":"Senior .NET Software Engineer","company_name":"Legal technology company","level_of_experience":5,"primary_language":".NET","level_of_experience_in_language":5.0,"level_of_experience_in_platform":5.0,"is_freelance":0,"on_call":0,"system_architecture":0,"aws_experience":0,"gcp_experience":0,"azure_experience":1,"dev_ops":0,"front_end_work":0,"backend_work":1,"full_stack_work":0,"tech_lead":0,"project_leadership":0,"unlimited_time_off":1,"has_benefits":1,"education":"NoCollege","job_id":"8e4f319321f7346757c2bf1ee4883c6335b4160d07cbf4cde25dee5310f5ac4a","salary_minimum_hourly":null,"salary_maximum_hourly":null,"salary_minimum_yearly":184000.0,"salary_maximum_yearly":249000.0}
{"work_style":"remote","salary_currency":"PLN","salary_minimum_monthly":null,"salary_maximum_monthly":null,"title":"Senior .NET Software Engineer","company_name":"Leading legal technology company","level_of_experience":5,"primary_language":".NET","level_of_experience_in_language":5.0,"level_of_experience_in_platform":5.0,"is_freelance":0,"on_call":0,"system_architecture":0,"aws_experience":0,"gcp_experience":0,"azure_experience":1,"dev_ops":0,"front_end_work":0,"backend_work":1,"full_stack_work":0,"tech_lead":0,"project_leadership":0,"unlimited_time_off":1,"has_benefits":1,"education":"NoCollege","job_id":"6d84da64345783943884c98b40c6be19ef39d726347023ce79d31e61d18d0e8e","salary_minimum_hourly":null,"salary_maximum_hourly":null,"salary_minimum_yearly":184000.0,"salary_maximum_yearly":249000.0}
{"work_style":"remote","salary_currency":"PLN","salary_minimum_monthly":null,"salary_maximum_monthly":null,"title":"Senior .NET Software Engineer","company_name":"Legal technology company","level_of_experience":5,"primary_language":".NET","level_of_experience_in_language":5.0,"level_of_experience_in_platform":5.0,"is_freelance":0,"on_call":0,"system_architecture":0,"aws_experience":0,"gcp_experience":0,"azure_experience":1,"dev_ops":0,"front_end_work":0,"backend_work":1,"full_stack_work":1,"tech_lead":0,"project_leadership":0,"unlimited_time_off":1,"has_benefits":1,"education":"NoCollege","job_id":"c9cfe213bf4a8d1c1fccae5148816a3fb61e07676b5a48ba9418ef2fa81b13e0","salary_minimum_hourly":null,"salary_maximum_hourly":null,"salary_minimum_yearly":184000.0,"salary_maximum_yearly":249000.0}
{"work_style":"remote","salary_currency":"PLN","salary_minimum_monthly":null,"salary_maximum_monthly":null,"title":"Senior .NET Software Engineer","company_name":"Relativity","level_of_experience":5,"primary_language":".NET","level_of_experience_in_language":5.0,"level_of_experience_in_platform":5.0,"is_freelance":0,"on_call":0,"system_architecture":0,"aws_experience":0,"gcp_experience":0,"azure_experience":1,"dev_ops":0,"front_end_work":0,"backend_work":1,"full_stack_work":1,"tech_lead":0,"project_leadership":0,"unlimited_time_off":1,"has_benefits":1,"education":"NoCollege","job_id":"9f975a148a4150de9dfa01f43066de24fd6c521b2f11b22a7507f5ca87c1418b","salary_minimum_hourly":null,"salary_maximum_hourly":null,"salary_minimum_yearly":184000.0,"salary_maximum_yearly":249000.0}
{"work_style":"remote","salary_currency":"PLN","salary_minimum_monthly":null,"salary_maximum_monthly":null,"title":"Lead .NET Software Engineer","company_name":"Relativity","level_of_experience":8,"primary_language":".NET","level_of_experience_in_language":5.0,"level_of_experience_in_platform":8.0,"is_freelance":0,"on_call":0,"system_architecture":0,"aws_experience":0,"gcp_experience":0,"azure_experience":1,"dev_ops":0,"front_end_work":0,"backend_work":1,"full_stack_work":1,"tech_lead":1,"project_leadership":0,"unlimited_time_off":1,"has_benefits":1,"education":"NoCollege","job_id":"a45bcb29771ec636916eb99f2d6388738dfac9cf45a93b3186283e980d0d0c0f","salary_minimum_hourly":null,"salary_maximum_hourly":null,"salary_minimum_yearly":213529.0,"salary_maximum_yearly":288892.0}
{"work_style":"remote","salary_currency":"PLN","salary_minimum_monthly":null,"salary_maximum_monthly":null,"title":"Senior .NET Software Engineer - Matter Admin","company_name":"Legal technology company","level_of_experience":5,"primary_language":".NET","level_of_experience_in_language":5.0,"level_of_experience_in_platform":5.0,"is_freelance":0,"on_call":0,"system_architecture":0,"aws_experience":0,"gcp_experience":0,"azure_experience":1,"dev_ops":0,"front_end_work":0,"backend_work":1,"full_stack_work":1,"tech_lead":0,"project_leadership":0,"unlimited_time_off":1,"has_benefits":1,"education":"NoCollege","job_id":"25b5119abd3253295c9c49e0770ea4652439969b7bda56ead01a161bfb5b1098","salary_minimum_hourly":null,"salary_maximum_hourly":null,"salary_minimum_yearly":184000.0,"salary_maximum_yearly":249000.0}
